name,host_name,neighbourhood,room_type,price,minimum_nights,availability_365
"Lovely cabin, great Asheville spot",Jack,28806,Entire home/apt,105,7,326
Glamping w HOT TUB + AC!,Joanna And Josh,28806,Entire home/apt,125,2,228
"Good size bedroom,  private",Diana,28806,Private room,45,1,364
Mixed Dorm,BonPaul,28806,Shared room,24,1,361
Mixed Dorm Bunk at BPS Hostel,BonPaul,28806,Shared room,24,1,353
Modern Home - Views - HOT TUB,Kelsey,28806,Entire home/apt,105,2,337
Bright Suite with Sunroom,Jaclynn,28806,Private room,65,1,339
"Serene, spacious, cozy and clean!",Kelly,28806,Private room,75,1,337
West Asheville top floor sleeps 3,Jenifer,28806,Private room,75,2,109
The Mimosa Room,Martha,28806,Private room,65,1,262
Eclectic Room with Jacuzzi tub,Cara,28806,Private room,45,1,87
West Asheville Bound,Richard,28806,Private room,45,2,365
Squash House,"Jamie, Bri, And Layne",28806,Private room,80,1,363
Bedroom in West Asheville Bungalow,Sally,28806,Private room,60,1,156
Villa in W. Asheville near Downtown,Elizabeth,28806,Private room,57,1,0
Cozy Cabin Studio Apartment,Patch,28806,Private room,85,1,334
artful room and private bath,Angela,28806,Private room,50,1,339
West Asheville Private Bed and Bath,Walter,28806,Private room,58,2,308
Close to everything!!!!!,Andrea,28806,Private room,110,1,365
400+ REVS Apt #7 in Artsy W ASHV!,Cathy,28806,Entire home/apt,65,7,180
the rad pad,Meg,28806,Entire home/apt,111,1,198
"Great location, so cute and cozy",Katie And Jason,28806,Entire home/apt,125,3,279
Charming Bungalow - Great Location,Chloe,28806,Entire home/apt,105,3,289
West AVL SCENT FREE Green Getaway,Susan,28806,Entire home/apt,88,2,301
Cozy Log Cabin near downtown,Xavier,28806,Entire home/apt,175,2,15
Cozy River Arts/ W. Asheville Apt.,Amber,28806,Entire home/apt,96,2,312
Bright Efficiency in West Asheville,Breccia,28806,Entire home/apt,85,2,68
Super Cool West Asheville Condo,Tracey,28806,Entire home/apt,80,1,296
"380 Reviews Apt #5, 
Artsy W ASHV!",Cathy,28806,Entire home/apt,101,3,161
Cute 2 BR-Heart of Hip W. Asheville,Lauryl,28806,Entire home/apt,99,2,51
West AVL Urban Retreat near Park,Ricky,28806,Entire home/apt,145,1,52
Urban Oasis,David And Melissa,28806,Entire home/apt,115,1,271
Walkable West Asheville Hideaway,Rebecca,28806,Entire home/apt,125,2,113
One block from Haywood Road,Mellissa,28806,Entire home/apt,99,2,307
West Asheville Couple's Retreat,Emily,28806,Entire home/apt,99,2,1
Dog Friendly West Asheville Cottage,Kathleen,28806,Entire home/apt,120,2,4
Cozy 2 bedroom. Short walk to WAVL,Kelly,28806,Entire home/apt,135,2,342
Sweet Studio - Walk West Asheville,Kari,28806,Entire home/apt,90,2,324
The Hideaway in West Asheville,Joe,28806,Entire home/apt,140,2,298
Artful Home in West Asheville,Angela,28806,Entire home/apt,120,1,337
Woodsy Retreat In Town,James,28806,Entire home/apt,279,2,13
Relax in West Asheville Homestay,Grace,28806,Entire home/apt,260,2,266
Modern/ Earthy West AVL Bungalow,Heidi,28806,Entire home/apt,150,1,351
Dog Friendly Bungalow in W. AVL,Morgan,28806,Entire home/apt,115,2,25
1930's charmer in West Asheville,Patch,28806,Entire home/apt,350,1,327
Sweet spot in West Asheville,Robyn,28806,Entire home/apt,140,2,235
Great location- Walk to River Park,Heather,28806,Entire home/apt,155,1,345
Private Entrance Studio Suite,"Ken, And Patti",28806,Private room,50,2,294
Pinball Sanctuary West,Lea,28806,Private room,82,2,68
"Hot Tub! ""The Silver Bettie""! Glamp",Joanna And Josh,28806,Entire home/apt,130,2,299
West Asheville Efficiency Loft,Monica,28806,Private room,55,2,200
Trails End Cabin Pisgah Nat. Forest,Ron,28806,Entire home/apt,235,2,330
Garage apartment close to downtown,Marilyn,28806,Entire home/apt,80,2,348
Bright & Artsy W. Asheville Home,Molly,28806,Entire home/apt,280,3,255
Cottage McIntyre/Minutes to Dtown!,Christine,28806,Entire home/apt,175,2,297
Your own Floor! 2 bdrms W.Asheville,Rae & Michael,28806,Entire home/apt,120,1,361
Asheville Cottages,Marshall And Tracie,28806,Entire home/apt,205,2,363
Sweet Retreat in West Asheville,Lisa,28806,Entire home/apt,120,30,365
Modern small home in West AVL,Ali + Dave,28806,Entire home/apt,135,2,306
Eclectic artists' home in West AVL,Karie,28806,Entire home/apt,95,2,111
Mid Century Mod w/ private entrance,Dana,28806,Private room,65,2,21
"Private floor, stroll to W. AVL",David,28806,Private room,50,1,143
West Asheville bungalow,Paul,28806,Private room,50,1,341
Lovely/Safe neighborhood,Diana,28806,Private room,40,1,364
1925 Bungalow in the Heart of West,Kimberly,28806,Private room,85,2,158
"Private Room ""Ader"" at BPS Hostel",BonPaul,28806,Private room,72,1,363
West Asheville walk to everything!!,Jennifer,28806,Private room,45,2,38
West Asheville Walk to everything,Jennifer,28806,Private room,45,2,364
Private room/entrance w/ full bath,Elizabeth,28806,Private room,79,2,361
2bd/1ba West Asheville Bungalow,Laura,28806,Private room,125,1,203
West A'ville sanctuary in the trees,Jakub & Maria,28806,Entire home/apt,92,3,89
Sunny West Asheville Studio Apt.,Aimee,28806,Entire home/apt,80,1,354
5 Star Luxury Near Dwntwn & Bltmore,Tracy And Brent,28806,Entire home/apt,188,2,278
New Garage Apartment! Sleeps 3,Amanda,28806,Entire home/apt,95,1,293
Quiet Luxurious Studio-Guest House,Zak & Iz,28806,Entire home/apt,80,2,87
Delightful 3BD bungalow +great yard,Melissa & Ron,28806,Entire home/apt,145,2,229
The Refuge in West Asheville,Cat & Jeff,28806,Entire home/apt,125,1,153
10 Minutes From Downtown: Zen Den,Cindy,28806,Entire home/apt,85,2,358
Charming Bungalow in West Asheville,Penny,28806,Entire home/apt,195,2,262
West Asheville Home,Santina,28806,Entire home/apt,300,7,8
Garden Bungalow,Reid,28806,Entire home/apt,160,1,33
Asheville Outdoor Retreat,Tiffany,28806,Entire home/apt,200,2,339
Cozy and Convenient West Asheville,Laura,28806,Entire home/apt,100,1,321
Green Treehouse - Artist Home,Dustin,28806,Entire home/apt,75,1,157
Cozy private room in W. Asheville.,Susan M,28806,Private room,50,1,293
"close-in and cute, studio in woods",Lea Peace,28806,Entire home/apt,86,3,89
ATHENA'S LOFT:  Find yourself here!,Beth,28806,Entire home/apt,72,1,247
Quiet Retreat in West Asheville!,Laurie,28806,Private room,65,2,343
Trish's West Asheville Getaway,Trish,28806,Private room,75,1,92
Private floor & separate entrance,Carrie,28806,Private room,85,1,68
"Walk to cafes, coffee/tea, music",Lori,28806,Entire home/apt,92,2,76
"380+ reviews
Tiny Cottage in W ASHV",Cathy,28806,Entire home/apt,105,3,79
Family-friendly West Asheville Home,Michele,28806,Entire home/apt,105,1,0
Convenient Location and Beer Themed,Shawndra,28806,Entire home/apt,90,1,317
Spacious Room in West Asheville,Breccia,28806,Private room,55,1,28
Private suite with private entrance,Dolly,28806,Private room,75,2,347
Full Apartment with fenced in yard.,Ben & Monica,28806,Entire home/apt,139,2,160
W. Asheville peaceful & convenient,Lauren,28806,Entire home/apt,90,2,0
Country Peacefulness near Town,Miriam,28806,Entire home/apt,79,2,319
"Airy, affordable 2 bedrooms w/bath",Susanne,28806,Private room,78,2,360
Private West Asheville Apartment,William,28806,Entire home/apt,120,2,0
"Central Location, Mountain Views",Ela,28806,Private room,55,1,2
Comfortable and cute bungalow,Amy,28806,Entire home/apt,160,2,88
Modern Meets Zen - West Asheville,Hun,28806,Private room,88,1,72
Simple Little Guest House,Jane,28806,Entire home/apt,110,2,311
Private Entrance to Two-Room Suite,Anne,28806,Private room,62,1,77
Your Own Floor! 1 bdrm W. Asheville,Rae & Michael,28806,Private room,70,1,361
West Asheville ,Mark,28806,Private room,60,1,298
Private new in law suite in W AVL,Stephanie,28806,Private room,80,1,76
Cozy Yoga Retreat Walk 2 River Park,Anna,28806,Private room,65,2,364
Harry's Hillside Hideout,Harry,28806,Entire home/apt,149,1,331
Charming Tiny Country Cottage,Emily,28806,Entire home/apt,100,1,29
Ideal for Traveling Professional,Cindy,28806,Private room,50,1,358
West Asheville bungalow,Kesi,28806,Entire home/apt,120,1,41
Private Room in West Asheville,Cat,28806,Private room,32,2,344
Tranquil Yogic Bungalow: Private Rm,Timo,28806,Private room,54,2,361
Cedar Springs Farm- Apartment,Kelly,28806,Entire home/apt,68,2,197
Cute room in West Asheville,Dustin,28806,Private room,89,2,365
Mountain views minutes from brews,Terra,28806,Private room,85,2,326
  Charming Sunny Cottage and Porch,Joann,28806,Entire home/apt,99,3,316
Lovely 1926 home in West Asheville,Laurie,28806,Entire home/apt,200,4,4
West Asheville In-law Suite,Eric,28806,Entire home/apt,81,1,321
The front of the house is yours,Laura,28806,Private room,98,2,359
West Asheville Room,Jessica,28806,Private room,45,1,364
Cozy West Asheville Home,Pam,28806,Entire home/apt,75,2,203
"Asheville, Private Suite 750 Sq/Ft",Chris & Aubrey,28806,Entire home/apt,130,1,353
Cottage! BonPaul + Sharky's Hostel,BonPaul,28806,Entire home/apt,100,1,345
Art Barn off-grid in-town!,Cat,28806,Entire home/apt,42,2,356
Sweet West Asheville Bungalow,Chloe,28806,Entire home/apt,125,2,284
Serene Cozy Getaway,Karen,28806,Private room,50,1,232
Purple Door Studio Apt. W.Asheville,Stacy,28806,Entire home/apt,88,2,133
West Asheville Family Home & Garden,Lisa-Gaye,28806,Entire home/apt,139,3,217
Comfy 2 bedrm w/bath in 1920's home,Susanne,28806,Private room,78,2,356
Walkable West Asheville Bungalow,Adam And Jamie,28806,Entire home/apt,92,2,264
PET FRIENDLY APT CLOSE TO DOWNTOWN,Marilyn,28806,Entire home/apt,90,2,340
"New house, close to rt.  26 & I 40.",Rose,28806,Entire home/apt,115,2,342
"Bed, Bath, Breakfast and Beauty!",Jean,28806,Private room,85,1,316
Snuggle into West Asheville,Christina,28806,Private room,41,2,160
Fun Tent Cabin 5m Downtown,Joanna And Josh,28806,Entire home/apt,119,2,339
Large West Asheville Studio,Amber,28806,Entire home/apt,65,2,232
Asheville Artist/Writer Retreat,Maceo Z.,28806,Private room,95,1,358
Gr8 Choice! Eco-AWEsome hOMe W AVL,"JahSun, Lizzy, And Sophia",28806,Entire home/apt,119,2,362
West Asheville Home,Cody,28806,Entire home/apt,150,1,18
Stylish garden studio in West AVL,Mada,28806,Entire home/apt,105,2,82
Spacious 1 BR Apt. West Asheville!,Sara,28806,Entire home/apt,95,2,343
Charming room in West Asheville,Matt,28806,Private room,58,1,229
AWEsome Eco-Home - Walk to Haywood,"JahSun, Lizzy, And Sophia",28806,Entire home/apt,144,2,333
Privacy in the heart of W Asheville,Sage,28806,Entire home/apt,100,1,342
Private Room West AVL Bungalow,Heidi,28806,Private room,75,1,363
Remodeled Bungalow on Hanover St.,Curtis,28806,Entire home/apt,110,2,356
Pokeberry Loft,Pokeberry,28806,Entire home/apt,105,1,265
Private Tiny house w/Loft near dntn,Cat,28806,Entire home/apt,119,2,353
Bed and Bath - West Asheville,Megan,28806,Private room,65,1,361
RainbowUnicorn & Paris of the South,Terra,28806,Private room,97,2,332
"Lovely Asheville,N.C.! Private Pool",Shane,28806,Entire home/apt,95,2,316
Perfect West Asheville Location,Amber,28806,Private room,75,1,0
River Arts District 'Green' Cottage,Aubrey,28806,Entire home/apt,192,3,362
Asheville Ensuite Quiet and Close,Renee,28806,Private room,75,2,342
Private Hot Tub + Private Balcony!,Shawn,28806,Private room,79,1,326
Old-School Modern/Comfort,Amber,28806,Entire home/apt,111,1,351
Awesome Location in West Asheville!,Jay,28806,Private room,95,1,358
Cozy Home on the West Side,Noelle,28806,Entire home/apt,85,1,271
"""ZenShe"" Private Guest Quarters",Pat,28806,Private room,60,1,351
Artsy comfy home of W. Asheville,Reba,28806,Entire home/apt,95,2,0
West Asheville Underground,Sandusky,28806,Entire home/apt,85,2,329
"Bright, spacious W. Asheville home",Kathie,28806,Entire home/apt,325,2,102
6 BR West Asheville Family Home,Jeremy,28806,Entire home/apt,350,4,31
West Asheville Walkable,Jessica,28806,Entire home/apt,140,3,331
Cozy Cabin near downtown AVL,Cat,28806,Entire home/apt,119,2,355
Comfy/quiet West Asheville getaway ,Kim,28806,Entire home/apt,75,2,336
Steps away from Haywood Rd!,Marc,28806,Private room,60,1,281
West Asheville Delight,Roses And Mark,28806,Entire home/apt,177,2,111
West Asheville Modern Studio,Jake,28806,Entire home/apt,75,1,139
SweetSuite in Grand W AshevilleHome,Fran,28806,Private room,65,3,345
VACATION LIKE A LOCAL! Ideal spot!!,Andrea,28806,Entire home/apt,195,1,352
Great pvt apt in West AVL,Bonnie,28806,Entire home/apt,140,2,348
West Asheville - Deck in the trees,McLean,28806,Entire home/apt,140,2,114
"Location, Location-West Asheville",Joshua,28806,Private room,50,1,350
Comfy house 10 minutes to downtown.,Matthew And Jennifer,28806,Entire home/apt,150,2,326
Inn on Westwood - Atkinson Suite,"Robert, Caroline, And Molly",28806,Entire home/apt,215,2,326
1940's Carriage House,Casey,28806,Entire home/apt,150,1,276
W. Asheville Private Residence,Amy,28806,Entire home/apt,150,5,0
Firefly Hidden Haven with Archery!,Alexandra,28806,Private room,55,1,361
Heart of W Asheville Village! Terra,Cheryl,28806,Private room,70,1,88
In the heart of West Asheville,Melissa,28806,Entire home/apt,108,20,363
Walkable West Asheville 2BR Home,Kari,28806,Entire home/apt,122,2,167
West Asheville - Master Suite,Shawn,28806,Private room,39,1,343
Quiet Apt in West Asheville,Ryan,28806,Entire home/apt,90,1,15
Private Room 1/2 block from Haywood,Nick,28806,Private room,60,1,58
Heart of W Asheville Village!  Gold,Cheryl,28806,Private room,70,1,85
Tranquil Log Cabin Retreat,Stacey,28806,Entire home/apt,225,2,313
Convenience In A Country Setting!,Joanne,28806,Private room,55,1,82
Modern contemporay retreat,Greg,28806,Entire home/apt,300,3,320
"Cozy Cottage, walk West Asheville",Michael And Helene,28806,Entire home/apt,100,1,264
Sunny Retreat with a View!,Laurie,28806,Private room,65,2,347
Mountain Escape 15 min from dwntown,Susan,28806,Private room,95,1,41
The AshVilla,David And Melissa,28806,Entire home/apt,115,1,345
The Tree House,Robin,28806,Private room,100,1,363
Spivey Mountain Cabin w/Hot Tub!!,Josh,28806,Entire home/apt,165,1,309
Beautiful Private Studio Apartment,Edward & Meredith,28806,Entire home/apt,150,2,363
Thistledo- Cozy 1 Bedr. Private Apt,Vicki,28806,Entire home/apt,78,2,325
Artsy Eclectic Little House,Becky,28806,Entire home/apt,79,1,34
Haywood House Asheville,Haywood,28806,Entire home/apt,325,3,343
Bent Creek: Trails Out Your Door!,Dawn,28806,Entire home/apt,90,2,340
Master bedroom with Jacuzzi tub,Cody,28806,Private room,50,1,128
Sunny West Avl Bungalow,Roni,28806,Entire home/apt,160,2,340
West Asheville Townhouse,Julie,28806,Private room,75,1,354
Blueberry Hill log cabin,Kelly,28806,Entire home/apt,165,2,329
New West Asheville Apartment,Robert,28806,Entire home/apt,100,2,4
Happy Haven  ~ Eco Artist Sanctuary,Celeste & Esiris,28806,Entire home/apt,94,1,352
Colorful Energy Art-Filled Bedroom,Nina,28806,Private room,45,2,266
West Asheville - King beds + VIEWS,Shawn,28806,Private room,39,1,347
Sweet room in W. Asheville bungalow,Pamella,28806,Private room,45,1,328
bedrm in heart of west asheville,Mildred (I Go By Lee),28806,Private room,58,2,360
Crescent Moon Cottage - W/Asheville,Cristina And Hal,28806,Entire home/apt,110,2,239
Bungalow in Walkable West Asheville,Elizabeth,28806,Entire home/apt,199,2,197
Boutique apt in West Asheville,Neal And Alyssa,28806,Entire home/apt,70,1,43
Charming Bungalow    Two Room Suite,Susan,28806,Private room,80,1,67
Inn on Westwood - Bennett Suite Avl,"Robert, Caroline, And Molly",28806,Entire home/apt,215,2,343
Artsy/Zen Bungalow in W. Asheville!,Kristin,28806,Entire home/apt,300,1,322
New Listing: Studio in West AVL,Emily,28806,Entire home/apt,60,2,162
City View Apartment,Ashley,28806,Entire home/apt,75,1,340
Vacation in cohousing community!,Hany,28806,Entire home/apt,70,21,0
Great Location in West Asheville,Kristy,28806,Entire home/apt,150,2,227
Nature Lover's Retreat W/Asheville,Cristina And Hal,28806,Entire home/apt,105,2,242
Yurt! Asheville Glamping! Heat & AC,Joanna And Josh,28806,Entire home/apt,160,2,288
W. Asheville Studio on main strip,Kristy,28806,Entire home/apt,135,2,180
Cozy single bed in West Asheville.,Walter,28806,Private room,37,2,358
1BR btwn D-town & WAVL w/ hot tub,Jeff & Ann-Marie,28806,Private room,85,1,27
The Den - Forest Edge Eco-Suite,Jeremy,28806,Private room,55,1,362
Female Dorm at Sharky's Hostel,BonPaul,28806,Shared room,24,1,359
"Private Room ""Hitchcock"" BPS Hostel",BonPaul,28806,Private room,72,1,364
Colorful & Artistic W. Ashev. Home,Sarah And Russ,28806,Private room,69,2,0
"Sweet spot, bedroom in W. Asheville",Robyn,28806,Private room,50,1,350
Lil' Happy Shack and Garden Goulash,Bill And Monica,28806,Private room,95,3,226
Carriage House Apartment,Beverly,28806,Entire home/apt,175,1,357
Come vacation in West Asheville!,Jennifer,28806,Entire home/apt,150,3,281
Eclectic bedroom in West Asheville,Christina,28806,Private room,39,2,353
West Asheville Woodland Retreat,Santina,28806,Private room,72,1,81
Nana Lynn's Bungalow,Lynn,28806,Entire home/apt,80,1,0
Nana's Nest 2,Johanna,28805,Private room,70,2,325
Studio apartment in tranquil settin,Annie,28805,Private room,65,3,146
Private Asheville Cabin Apartment ,Jim And Jan,28805,Entire home/apt,170,3,346
Cheyenne and Aaron welcome you! :),Cheyenne,28805,Private room,45,1,16
My Home on Teems Lane,Maurice,28805,Private room,59,1,0
Rejuvenating Room with River View,Amanda,28805,Private room,69,1,310
Charming  Apartment on Private Land,Tara,28805,Entire home/apt,79,2,317
Cozy mountain retreat with views!,Skylar,28805,Entire home/apt,92,1,358
"Sweet, private, above-garage studio",Cara And Eric,28805,Private room,85,2,340
Serene stay-4min away: dwntwn/play,Anita,28805,Private room,75,1,340
Nana's nest 3,Johanna,28805,Private room,60,2,363
"SERENE, SPACIOUS , HISTORIC HOME!!",Karen,28805,Private room,75,2,365
Cozy Cabin 10 Minutes to DT AVL,Lori,28805,Entire home/apt,130,2,257
Private Lakefront Mother-in-Law Apt,Dawn,28805,Entire home/apt,150,1,305
Groove Stone Getaway,Louis,28805,Entire home/apt,119,2,264
Mid Century Modern Basement Apt..,Marta,28805,Entire home/apt,70,3,337
Asheville Mtn. Retreat,Becky,28805,Entire home/apt,120,2,329
Cabin 19.  7 min to downtown AVL,Gene,28805,Entire home/apt,99,1,308
The Kitty Loft,Ellie,28805,Entire home/apt,30,14,135
"Cozy Cottage, minutes from downtown",Maria,28805,Entire home/apt,150,2,187
Lovely mtn home with a view! 2,Linda,28805,Private room,50,2,354
LUX B&B ~ HOT-TUB ~ VIEWS ~ AVL 2M,Marc & Fay,28805,Private room,95,2,350
Lovely mtn home with a view! 1,Linda,28805,Private room,79,2,365
Cozy Room in Mountain Home,Ellie,28805,Private room,35,1,115
Beverly Hills East Coast,Rebecca,28805,Private room,40,2,220
Cozy AVL Suite Near Everything,Kambra,28805,Private room,99,2,359
HOT-TUB ~ LUX B&B ~ VIEWS ~ DTN 2M,Marc & Fay,28805,Private room,95,2,362
Charming Country Farmhouse,Jodee,28805,Entire home/apt,130,1,116
4th floor condo off Tunnel Rd.,Kenet,28805,Private room,60,2,21
Serene Historic Home,Karen,28805,Private room,75,3,365
Custom Craftsman-10 mins from town,Reed,28805,Entire home/apt,420,2,353
Comfortable Basement Apartment,Ellie,28805,Entire home/apt,55,1,347
Constitution Cottage,Alison,28805,Entire home/apt,149,3,134
Clean & Classic House on the Hill,Mike,28805,Entire home/apt,175,3,321
"LowerLevel Private bedroom , bath",Kathy,28805,Private room,50,2,317
Blue Ridge Cottage  5 Acre Forest,Doug,28805,Entire home/apt,97,2,278
Peaceful Mountainside Living ,Daniel,28805,Private room,88,2,182
Crescent Moon Cottage- Asheville NC,Becky,28805,Entire home/apt,95,2,300
Private Retreat Near Downtown,Lou,28805,Private room,72,2,40
Bright Bedroom with Amazing View!,Ellie,28805,Private room,40,1,115
Studio Apartment in Serene Setting.,Sandi,28805,Entire home/apt,70,2,314
Hidden getaway close to downtown!,Jessica,28805,Entire home/apt,129,2,355
"Riverbend ""Treehouse"" Studio",Heather,28805,Entire home/apt,80,1,184
Apartment for the weekend,Dalia,28805,Entire home/apt,175,1,363
Beautiful Mountain Home,Ellie,28805,Entire home/apt,175,1,311
"Master Suite w/ whirlpool tub, king",Patrick,28805,Private room,75,2,103
LEFT BANK B&B - AN ARTISAN B&B,Sam & Oksana,28805,Entire home/apt,225,1,164
"Asheville Dreamer's Cabin , Hot Tub",Annie,28805,Private room,65,3,178
The Swannanoa River Rock House,Bland,28805,Entire home/apt,175,3,319
"4th Floor condominium-2 bed, 2 bath",Kenet,28805,Entire home/apt,150,3,10
Cabin 17.  7 min to downtown AVL,Gene,28805,Entire home/apt,99,1,360
Lovely mtn home with a view! 3,Linda,28805,Entire home/apt,58,2,327
Cabin 18. 7 min to downtown AVL,Gene,28805,Entire home/apt,99,1,323
Private Mountain Hideaway in Town,Belinda,28805,Private room,85,2,103
GLAMPING Airstream B&B Lux Mtn View,Marc & Fay,28805,Entire home/apt,95,2,351
Rustic Cabin in Asheville Forest,Birgit,28805,Entire home/apt,195,3,191
Contemporary Studio in Eco-Cottage,Julia,28805,Entire home/apt,65,3,211
"Newly renovated, 10 minutes to town",Kim,28805,Entire home/apt,235,2,311
"Beautiful, NEW 2 Bedroom Near Dwntn",Don,28805,Entire home/apt,189,2,334
Quiet Spacious Family Home,Mike,28805,Entire home/apt,150,2,169
Mid Century Home Close DownTown,Lori,28805,Entire home/apt,150,2,328
Downtown Beautiful Comfy Modern Apt,Valorie,28805,Entire home/apt,130,1,266
Asheville 5 min downtown. Vacation,Don,28805,Entire home/apt,100,2,277
Sommer Beech House,Jeanne,28805,Entire home/apt,450,4,45
Gorgeous Mountain View 3BD,Ellie,28805,Entire home/apt,120,1,311
Nana's Nest,Johanna,28805,Private room,60,2,356
Beauty & Peace in Asheville,Krys And Steve,28805,Entire home/apt,75,1,103
The River House Asheville,Bland,28805,Entire home/apt,195,2,310
Hiking & Nature Minutes to Downtown,Cooper,28805,Private room,74,2,365
Luxury  Close to downtown Views,Suzanne,28805,Entire home/apt,169,4,169
Asheville Mountain Home ON RIVER!  ,Andy,28805,Private room,90,2,269
Farm School Cottage,Janet,28805,Entire home/apt,184,2,337
Lux Apt ~ B&B ~ HOT-TUB ~ Mtn Views,Marc & Fay,28805,Entire home/apt,145,3,332
"Peaceful, Spacious Mountain Retreat",Jenna And Chris,28805,Entire home/apt,175,1,315
10 Minutes to Downtown  Epic Views!,Louise,28805,Entire home/apt,275,3,251
Master Bedroom with Private Bath,Ellie,28805,Private room,50,1,115
Nanna's Nook,Johanna,28805,Entire home/apt,110,2,0
Queen memory foam on top of futon,Ann-Lee,28805,Private room,65,1,364
Asheville East Mountainside Retreat,Jeanine,28805,Entire home/apt,139,3,64
Beautiful home with a view! 4,Linda,28805,Entire home/apt,225,2,341
Modern Master - Minutes to Downtown,Kelsey,28805,Entire home/apt,79,2,365
Serenity 12 minutes from downtown,Patrick,28805,Private room,49,2,351
Woodsy basement studio mins to town,Kathleen,28805,Entire home/apt,75,3,365
25 Acre Retreat 9 Miles to Downtown,W N C,28805,Entire home/apt,120,2,348
Sunny Modern Country Apartment,Matt,28805,Entire home/apt,75,2,279
Secluded but convenient cabin,Simms,28805,Entire home/apt,125,2,333
NEW: 12 minutes to downtown,Patrick,28805,Entire home/apt,179,3,343
Asheville Mountainside Getaway,Jeanine,28805,Entire home/apt,129,3,202
Tiny retreat just off the intereste,Drew,28805,Private room,85,1,88
Zen Garden Home and Gardens,Norma,28805,Private room,95,1,361
Quietude 12 minutes from downtown,Patrick,28805,Private room,59,2,348
Secluded Modern Cabin with Hot Tub,Shari & Spencer,28805,Entire home/apt,275,2,245
Cozy place 6.5 miles to Downtown,Kelsey,28805,Entire home/apt,125,3,74
Convenient to Everything! Private,Louise,28805,Entire home/apt,260,3,207
Creekside Bed & Breakfast(homemade),Alexi,28805,Private room,105,1,318
Awesome Asheville Space!,Chris And Nichole,28805,Entire home/apt,65,2,362
Quiet rustic home in the mountains,Mike,28805,Entire home/apt,110,2,84
Serenity Yurt,Simms,28805,Entire home/apt,140,2,278
Quiet Getaway with Charm and Views,Dorothy,28805,Entire home/apt,99,2,322
Spacious townhome close to downtown,Mike And Lauren,28804,Entire home/apt,220,1,365
Town and Mountain Peaceful Retreat,Bart,28804,Entire home/apt,177,2,358
Historic Log Cabin Asheville (18),John And Maria,28804,Entire home/apt,125,1,344
"LG Private Rm, Entrance and Bathrm!",Michael,28804,Private room,49,2,256
Country Living in the City Limits,Michael,28804,Private room,45,2,347
North Asheville Cozy Abode,Eva,28804,Private room,45,1,359
Share My Home Above Asheville,Ron,28804,Private room,200,2,330
Your room is ready in Asheville!,Gordon & Victoria,28804,Private room,65,1,347
A Lovely Room in a Lovely Home ,Susan & Gary,28804,Private room,59,2,337
Cozy Twin Bedroom - near downtown,Claire,28804,Private room,49,1,322
Sweet Sunny Suite w/ Fenced in Yard,Lindsay,28804,Private room,70,2,166
"Downtown, River Arts, W Asheville",Brit,28804,Private room,55,1,313
Magnificent Mountain Top Home,Ron,28804,Private room,200,2,257
"Casita Suzana,  just N. of downtown",Suzanne,28804,Private room,58,2,82
"Private, sunny suite near Downtown",Anders,28804,Private room,45,1,322
Private Rest Haven,Eva,28804,Private room,50,1,361
Spa Retreat Asheville,Robert,28804,Private room,100,2,68
Mountain BR w/Exercise Room & Patio,David,28804,Private room,20,15,363
Bungalow and BBQ,Christine,28804,Private room,68,1,140
It's All About The View,Matthew,28804,Entire home/apt,280,2,236
Modern Tiny House on Wheels,Elena,28804,Entire home/apt,72,2,2
Historic Log Cabin Asheville (9),John And Maria,28804,Entire home/apt,85,1,315
New Home 7 min. from downtown,Courtney,28804,Entire home/apt,70,2,70
Historic Log Cabin Asheville (5),John And Maria,28804,Entire home/apt,85,1,321
Historic Log Cabin Asheville (7),John And Maria,28804,Entire home/apt,85,1,339
Black Bear Lodge - Asheville,John And Maria,28804,Entire home/apt,245,2,309
Historic Log Cabin Asheville (12),John And Maria,28804,Entire home/apt,105,1,343
Your Home Away From Home,Sandra,28804,Entire home/apt,185,2,312
Asheville Lake Retreat - Hot Tub,John And Maria,28804,Entire home/apt,335,3,338
Historic Log Cabin Asheville (20),John And Maria,28804,Entire home/apt,140,1,345
Historic Log Cabin Asheville (1),John And Maria,28804,Entire home/apt,110,1,338
Historic Log Cabin Asheville (2),John And Maria,28804,Entire home/apt,105,1,340
Asheville Home Near Beautiful Lake,Mary,28804,Entire home/apt,175,3,342
View of Downtown and Mt. Pisgah!,Jessica,28804,Entire home/apt,121,2,118
Lodges at Beaver Lake,Kevin,28804,Entire home/apt,150,2,365
Garden Apartment 2 Miles From DT,Rebekah,28804,Entire home/apt,110,2,75
Secluded Setting near downtown,Gene,28804,Entire home/apt,150,2,322
Everything Zen,Mark,28804,Entire home/apt,85,2,10
Bright Sunny Bungalow 5 min D/T AVL,Audrey,28804,Entire home/apt,100,2,311
Relaxing cottage w/mountain views,Mellissa,28804,Entire home/apt,75,2,326
Private 1 BD/BA Cottage -N. Aville,Michael,28804,Entire home/apt,75,2,318
Cozy Apt in N. Avl- Close to all! ,Laura,28804,Entire home/apt,120,2,326
Yurt Nest at Green Oaks Community,Valerie,28804,Entire home/apt,88,2,159
Historic Log Cabin Asheville (19),John And Maria,28804,Entire home/apt,140,1,344
Lucky W Cottage-city and country!,Jessica,28804,Entire home/apt,135,2,291
Historic Log Cabin Asheville (10),John And Maria,28804,Entire home/apt,105,1,357
Charming Victorian twin BR for 2,Evelyne,28804,Private room,50,1,360
Elder & Kid friendly home,Liat,28804,Private room,55,1,349
Spacious Mountain home in Asheville,Bernadette,28804,Entire home/apt,600,3,337
Spacious Home in Historic Area,Sarah,28804,Entire home/apt,450,3,365
Historic Log Cabin Asheville (15),John And Maria,28804,Entire home/apt,95,1,336
Town Mountain Guest Suite on BRPkwy,Lisa,28804,Entire home/apt,120,1,350
"Sunny, private retreat near town",Emily,28804,Entire home/apt,125,2,293
Walk to Lake / Close to Downtown,Amanda,28804,Entire home/apt,80,2,349
Charming home near UNCA/Downtown,Daniel,28804,Entire home/apt,110,1,318
Convenient Asheville Bungalow,MK And B,28804,Entire home/apt,175,2,360
"Adorable cottage, 7min. to Downtown",Robin And Corey,28804,Entire home/apt,90,2,354
Spacious North Side Private Haven!,Jessica,28804,Entire home/apt,98,2,95
"Beautiful 2bd, Great Location!",Jeanette,28804,Entire home/apt,200,3,0
Historic Log Cabin Asheville (4),John And Maria,28804,Entire home/apt,105,1,341
"Asheville's Famous ""Pink House""",Tim,28804,Entire home/apt,450,2,326
Treehouse close to downtown,Steve And Lael,28804,Entire home/apt,150,21,153
Terrace Cottage,Kevin,28804,Entire home/apt,150,2,343
1973 Asheville Airstream,Brit,28804,Entire home/apt,65,1,281
"Walk to Lake, Privacy, Convenience",Amanda,28804,Entire home/apt,200,1,145
Cozy Cabin Minutes to Downtown,Nancy And Chad,28804,Entire home/apt,119,3,353
"Minutes to DT Asheville, Pvt. Bath",Sandy,28804,Private room,30,3,76
Cozy North Asheville Retreat,Stephanie,28804,Entire home/apt,80,2,161
Sweet Suite,Beth,28804,Entire home/apt,69,1,348
Private Home with Private Grounds,Michael,28804,Private room,51,2,316
Cozy One-bedroom apartment,Daryl,28804,Entire home/apt,85,2,0
"Private Entrance, Bath and Deck !!!",Linda,28804,Entire home/apt,75,1,61
Private Bed&Bath w/Private Entrance,Amanda,28804,Private room,60,1,49
REFOCUS COTTAGE~Asheville retreat!,Gayle,28804,Entire home/apt,189,2,325
Vintage Carriage House Apartment,Lou,28804,Entire home/apt,105,2,264
Asheville Modern Round House ,Josh,28804,Entire home/apt,180,1,247
Asheville Artist Get Away Master,Katalin Dhyana,28804,Private room,125,2,342
Asheville Artist Getaway Guest,Katalin Dhyana,28804,Private room,88,2,342
Heaven Zen (guest house),Theresa,28804,Entire home/apt,111,2,355
Unique 1920's Bungalow,Theo,28804,Entire home/apt,96,7,57
"Cute cottage10 minutes north, quiet",Tom,28804,Entire home/apt,99,1,288
"Chic, cozy and convenient location!",Julia,28804,Entire home/apt,100,2,327
Asheville Long Range Views-Hot Tub,John And Maria,28804,Entire home/apt,335,3,243
Dog Friendly Cabin in the Woods,Leslie,28804,Entire home/apt,135,2,322
Enchanting Farm Apartment,Rosiland,28804,Entire home/apt,68,2,176
Cozy 1BR w/ Qu Sleeper Sofa,Anne,28804,Entire home/apt,130,1,0
Asheville Airstream & Cozy Bungalow,Brit,28804,Entire home/apt,145,1,280
Sunny Aerie with Mountain Views,David,28804,Entire home/apt,89,5,79
Local living in Asheville!,Kira,28804,Entire home/apt,125,2,363
Relaxing Room (Mountains/Lake View),Rob,28804,Private room,150,1,0
Asheville Serene Retreat - Hot Tub,John And Maria,28804,Entire home/apt,335,3,285
Spacious Lower-level Flat w/Patio,Ashley And Brendan,28804,Entire home/apt,89,2,66
Mountain Apt. Close To Downtown AVL,Marcy,28804,Entire home/apt,175,2,99
Asheville Studio 1 mile to downtown,Brady,28804,Entire home/apt,100,1,358
Chill room in easy going home,Brady,28804,Private room,40,1,365
Cozy room on cul-de-sac near lake,Jody,28804,Private room,60,1,358
Cozy house on cul-de-sac near lake.,Jody,28804,Entire home/apt,120,1,337
Postcard View,Suzy,28804,Entire home/apt,595,3,327
Nature Retreat Near Downtown AVL,John,28804,Private room,75,1,353
Historic Log Cabin Asheville (14),John And Maria,28804,Entire home/apt,105,1,348
"2.5 mile 2 dntwn, Comfy Suite, Pets",Susan,28804,Entire home/apt,110,2,352
Modern room with attached bath,Kora,28804,Private room,90,2,164
Log Cabin Near Downtown Asheville,Georgia,28804,Entire home/apt,295,3,28
Mountain Beauty/City Convenience,Rob,28804,Entire home/apt,125,2,178
"Downtown, River Arts, & W Asheville",Brit,28804,Private room,45,1,282
"HOME, INDOOR POOL, NEAR IT ALL",Diane & Dick,28804,Entire home/apt,250,2,334
REFOCUS FIVE -Family friendly home!,Gayle,28804,Entire home/apt,265,2,318
 Grove Park Master Suite with View,John,28804,Private room,95,1,361
Fabulous Studio 10 min to downtown!,Callie,28804,Entire home/apt,125,2,338
"Convenient bedroom, close to dtown",Doug,28804,Private room,75,1,299
Asheville Mountain Getaway,Joshua And Luna,28804,Entire home/apt,95,2,345
Converted Flat in Town!,Haley & Ted,28804,Entire home/apt,94,2,162
"15 Lee Ave, Asheville -  2+ Bdrm ",Ginger,28804,Entire home/apt,140,2,287
The Suite at Bittersweet,Matthew,28804,Entire home/apt,240,2,254
Historic Log Cabin Asheville (3),John And Maria,28804,Entire home/apt,85,1,329
Modern Tree Top Bungalow!!,Josh,28804,Entire home/apt,150,1,325
Stylish & Cozy Cabin in the Woods! ,Justin,28804,Private room,55,1,356
Artistic Bungalow Close to Downtown,Brit,28804,Entire home/apt,85,1,282
Cozy North Asheville Rest Haven,Eva,28804,Private room,45,1,271
Historic Log Cabin Asheville (8),John And Maria,28804,Entire home/apt,145,1,336
Historic Log Cabin Asheville (11),John And Maria,28804,Entire home/apt,130,1,341
Charming one bedroom apartment,Maya,28804,Entire home/apt,115,2,364
BEAVER LAKE Privacy & HOT TUB - WOW,Evelyn,28804,Private room,100,2,341
Historic Log Cabin Asheville (16),John And Maria,28804,Entire home/apt,140,1,176
Skylight Suite 7mins. from downtown,Robin And Corey,28804,Private room,65,2,365
Studio at Green Oaks Community,Valerie,28804,Entire home/apt,85,2,171
Guest room in walk-in lower level,Nat,28803,Private room,75,1,342
Historic Biltmore Village Asheville,Sherrye,28803,Entire home/apt,199,2,362
Asheville Apt/Suite w/ Fireplace,Naz,28803,Entire home/apt,105,2,352
The Cloister,Robyn,28803,Private room,40,2,282
Studio 54,Robyn,28803,Private room,55,2,346
Convenient Biltmore/Downtown home,Mary Catherine,28803,Private room,85,2,320
Cozy bed/bath close to Biltmore,Angie,28803,Private room,55,1,347
"Art-filled, contemporary home",Mignon,28803,Private room,85,2,341
"Charming room w/bath, historic area",Krista,28803,Private room,95,2,362
1 Mile from Ale Trail-free rides!,Cindi And Son Darian,28803,Private room,49,1,359
Charming Asheville Bungalow,Marilynn,28803,Private room,55,1,284
Biltmore Village Inn,Monica,28803,Private room,295,2,89
6miles to DT Healing Sanctuary Room,Athena,28803,Private room,75,1,85
Feels like ur own apart. / central!,Lynn,28803,Private room,75,1,131
Beautiful room with private balcony,Athena,28803,Private room,75,1,361
Cool solar house in South Asheville,Walter,28803,Private room,59,2,243
Asheville B&B Romantic India Room,Vicki And Neeraj,28803,Private room,125,1,365
My daughters old room is available!,Accem,28803,Private room,35,2,365
Blue Ridge Parkway Arts'n Crafts!,Karen,28803,Entire home/apt,80,2,95
Mermaid Cottage,Camille,28803,Entire home/apt,120,1,293
Studio next to dwntn and Biltmore,Emilio And Kate,28803,Entire home/apt,110,2,298
The Cottage on Parkway Loop,Tim And Muffi,28803,Entire home/apt,90,2,238
Cozy Cabin by Mountain Stream,Patricia,28803,Entire home/apt,118,2,339
Forest Hill Bungalow,Shari,28803,Entire home/apt,99,2,289
Local Asheville Apt. Near Biltmore,Rita,28803,Entire home/apt,100,2,312
Cabin by the pond,Patricia,28803,Entire home/apt,118,2,351
Bungalow by Biltmore House,Jason,28803,Entire home/apt,175,3,165
20's Bungalow Downtown/Biltmore,Misty,28803,Entire home/apt,225,5,28
Urban Peace 5 ml from Downtown AVL ,Ar,28803,Entire home/apt,145,2,355
Spacious Biltmore Getaway,Erik And Lisa,28803,Entire home/apt,97,2,356
Biltmore Little Red House,Nessa,28803,Entire home/apt,181,2,356
'Mimi's Cottage' 1BR Asheville Home,Evolve Vacation Rental,28803,Entire home/apt,139,2,160
Buried in Woods- Full of Art/ Style,Trip,28803,Entire home/apt,225,3,284
The Sweet Pine House sleeps 4,Trish & Steph,28803,Entire home/apt,130,2,311
Suzies Cabin Hottub nrBiltmore View,Suzanne,28803,Entire home/apt,169,4,305
Close to it all! Pet friendly!,Liz,28803,Entire home/apt,150,2,329
"Cozy ranch house in Asheville, NC",Maren,28803,Entire home/apt,175,2,316
CONVENIENT Pine TreeHouse sleeps 6,Trish & Steph,28803,Entire home/apt,185,2,265
Comfortable Apartment,James,28803,Entire home/apt,140,2,365
Peace and Quiet Minutes From Town,Jeff,28803,Entire home/apt,170,7,0
The Fern Street Apt near Biltmore ,Debbie,28803,Entire home/apt,40,30,355
That 70s House,Jennifer,28803,Entire home/apt,180,3,265
Sunny Spacious 2 Bedroom 1 Mi town,Cassie,28803,Entire home/apt,110,13,0
Pat's Flat,Patrick,28803,Entire home/apt,100,3,298
Downtown Convenience: Orange Peel,Danielle,28803,Private room,60,1,333
Mountain Retreat with Hot Tub,Bob And Carrie,28803,Private room,85,1,342
Bodacious Downtown Brick House!,Diane,28803,Entire home/apt,200,2,339
Finished basement private bed/bath,Hillary,28803,Private room,65,1,7
Beautifully appointed apt in mtns,Karen,28803,Entire home/apt,90,2,320
Highclere Mtn Retreat Asheville,Ron,28803,Entire home/apt,425,3,241
Charming 1929 home w/ modern touch,Jan,28803,Entire home/apt,199,2,18
The Red Door ,Maggi,28803,Entire home/apt,65,3,276
Eclectic Arts&Craft on Edge of Town,Jaime,28803,Entire home/apt,125,2,282
Beautiful Kenilworth Jewel,Lynn & Jake,28803,Entire home/apt,95,2,295
Private room /attached in Asheville,Lee,28803,Private room,75,1,323
Private Room & Bath near Biltmore,Brooke & Erick,28803,Private room,85,2,27
Cozy Charm by Biltmore & Parkway,Molly Rose,28803,Entire home/apt,105,2,13
Your Home Away from Home Downtown,Pamela And Angelo,28803,Private room,60,1,360
Out of Africa Stay in Asheville NC,Vicki And Neeraj,28803,Private room,125,1,365
Private room near Biltmore Estate!,Elaine,28803,Private room,49,1,46
5 Mins to Downtown/ 2 MIns-Biltmore,Robbie And Jessie,28803,Entire home/apt,400,2,356
Asheville Green Cottage - Green B&B,Vicki And Neeraj,28803,Private room,115,2,363
Mountainside Private Room & Bath,Allison & Peter,28803,Private room,48,1,348
Griffin's Lair Biltmore Village AVL,Robert,28803,Entire home/apt,250,2,287
"Historic B&B, Quiet, Veg Breakfast",Vicki And Neeraj,28803,Private room,125,2,365
lovely/clean/central/pet sitting/!,Lynn,28803,Private room,55,1,363
Finished Basement-Private Bed&Bath,Allison & Peter,28803,Private room,37,1,314
Serene garage and Exercise Room,Athena,28803,Private room,40,2,174
Mountaintop Fun 10 Min to Downtown,Peggy,28803,Entire home/apt,175,1,348
Cozy Cottage in the City,Catherine,28803,Entire home/apt,99,1,329
Biltmore/Downtown Perfect Location!,Brian & Amy,28803,Entire home/apt,220,2,121
The Keep,Robyn,28803,Private room,60,2,350
Spring Fling near Biltmore Estate,Drew,28803,Entire home/apt,289,3,291
Huge Delux Master Bedroom Suite,Athena,28803,Private room,90,1,360
Cozy Bedroom/Bath Near Downtown! ,Kendal & Parker,28803,Private room,75,1,314
modern zen townhouse,Mi C.,28803,Entire home/apt,150,1,342
"Restful Room #1 in Asheville, NC",James,28803,Private room,80,2,365
Great Location by Biltmore Village!,Arlene,28803,Private room,52,2,329
"Blue Ridge Parkway, Brand New Apt.!",Karen,28803,Entire home/apt,60,2,152
Modern Condo Minutes From Biltmore,Lauren,28803,Entire home/apt,130,2,8
Nice room close 2 Biltmore / Dwntwn,Leslie,28803,Private room,70,1,74
Blue Ridge Parkway House and Apt.!,Karen,28803,Entire home/apt,175,1,173
Private Room and bath,Jamie And Scott,28803,Private room,55,1,60
Restful Room #2,James,28803,Private room,80,1,275
Quaint room in a beautiful home,Athena,28803,Private room,55,1,359
Newly Finished with Great View,Richard,28803,Entire home/apt,125,4,338
Welcome Home! 3Bdr 2.5 bath for 10.,Trish & Steph,28803,Entire home/apt,250,2,265
beautiful apartment South Asheville,Cassandra,28803,Private room,99,1,365
Comfy bedroom for short stays,Maggie,28803,Private room,44,1,0
Cozy Bungalow In Asheville,Scarrie,28803,Private room,45,1,351
The Grapevine Guest Suite,Jennifer,28803,Entire home/apt,68,2,47
6 miles to DT Beautiful Green Home,Athena,28803,Entire home/apt,568,2,81
South Asheville,Danny & Lorraine,28803,Private room,100,1,365
Awesome Asheville Condo Flat,Lance,28803,Entire home/apt,99,2,321
Private suite with a prime location,Kara Elizabeth,28803,Private room,89,1,97
"Victoria Blue, Central to Downtown",Pamela And Angelo,28803,Private room,60,1,363
Peaceful and clean getaway,Holly,28803,Private room,115,2,365
The Lodge,Shoji Spa & Lodge,28803,Entire home/apt,249,1,339
Mellow Yellow Refuge Near Downtown,Pamela And Angelo,28803,Entire home/apt,100,1,353
Gypsy Wagon,Steve,28803,Entire home/apt,63,2,168
Townhome 2Bdrm,Susan,28803,Entire home/apt,375,1,365
LOW weekenight rates! Visit AVL!,Megan,28803,Entire home/apt,125,3,284
Large private bedroom and bath,Don,28803,Private room,70,1,352
Comfortable room in great location!,Emily,28803,Private room,62,1,345
Peacock Room Near Downtown,Pamela And Angelo,28803,Private room,60,1,359
Luxurious Mountain Apartment Suite,Milan,28803,Entire home/apt,125,2,297
Cozy Apt- Near Biltmore!,Maggie,28803,Entire home/apt,80,1,15
great room btwn Dwntwn and Biltmore,Leslie,28803,Private room,70,1,39
Minutes from AVL! LOW weeknights!,Megan,28803,Entire home/apt,130,3,303
Historic Biltmore Village Apartment,Shannon,28803,Entire home/apt,160,3,274
Humble Pie,Meredith,28803,Entire home/apt,300,2,336
Private Room & Bath near Downtown  ,Svitlana,28803,Private room,70,1,358
"Studio Apt, Kingbed, Quiet/Private",Nan,28803,Entire home/apt,75,2,146
The Loft,Shoji Spa & Lodge,28803,Entire home/apt,229,1,357
The Studio Suite,Shoji Spa & Lodge,28803,Entire home/apt,239,1,362
Guest Cottage in Private Garden,Lauren,28801,Entire home/apt,160,2,344
Romantic Getaway,Stephanie,28801,Entire home/apt,265,5,334
"Cottage in Downtown Asheville, NC",Cate,28801,Entire home/apt,195,3,262
Downtown Asheville in Cozy Style,John,28801,Private room,69,2,326
Solo Traveler's Room Near Downtown,Cynthia,28801,Private room,50,1,82
AA Asheville Walk to Downtown!!,Danielle,28801,Private room,60,1,340
"Mountain Sunset, Walk to Downtown",Rebecca,28801,Private room,74,1,76
Downtown 1 Queen Bedroom (5),Asheville Hostel & Guest House,28801,Private room,54,2,143
Downtown 1 Queen Bedroom,Asheville Hostel & Guest House,28801,Private room,54,2,152
Downtown 1 Queen Bedroom (4),Asheville Hostel & Guest House,28801,Private room,50,2,163
Downtown 2 Twins Bedroom,Asheville Hostel & Guest House,28801,Private room,50,2,149
Downtown Bob Marley House,Kitty,28801,Private room,85,2,178
Downtown 2 Twins Bedroom (3),Asheville Hostel & Guest House,28801,Private room,50,2,166
"2 Beds, Private Room near Downtown",Cynthia,28801,Private room,75,1,75
Guest Room at Oakland Cottage B&B,Mary,28801,Private room,148,2,311
Micromodern On Chickenhill,Heather,28801,Private room,165,1,18
Downtown Tiny House,Asheville Hostel & Guest House,28801,Entire home/apt,88,3,109
Beer City Bungalow,Kelsey,28801,Entire home/apt,85,1,337
Sunny Downstairs Apartment,Becca,28801,Entire home/apt,115,2,320
Asheville Apartment,Hilary,28801,Entire home/apt,125,1,11
Downtown Apartment,Clay,28801,Entire home/apt,100,2,0
primo apt in downtown Asheville!,Susan,28801,Entire home/apt,250,2,332
MODERN RIVER ARTS ECO-COTTAGE,Alicia,28801,Entire home/apt,125,3,158
New house! Walk Dtown & River Arts,Jamie,28801,Entire home/apt,220,2,0
CasaLina,Carolina,28801,Entire home/apt,150,2,312
 Views of Downtown and Mountains,Michael,28801,Entire home/apt,200,3,153
Champagne Tastes on a Beer Budget,Jeremy,28801,Entire home/apt,216,3,281
River Arts District/Downtown Home,MK And B,28801,Entire home/apt,289,2,362
Beautiful historic home downtown,Anna,28801,Entire home/apt,290,3,0
"Penthouse Condo, Walk to Downtown",J.D. And Alicia,28801,Entire home/apt,300,7,363
Private Room with Full Bathroom,Lonnie,28801,Private room,79,1,357
Downtown Asheville Hideaway,Brian,28801,Private room,129,1,203
The Tarot House,Betsy,28801,Private room,95,1,343
Welcoming craftsman ,Rick,28801,Private room,70,2,75
Romantic Asheville Bed & Breakfast,Frank,28801,Private room,259,1,363
Walk Downtown! {POOL & Bikes} Rm #2,Brittany,28801,Private room,60,1,342
"Hidden treasure near Downtown, UNCA",Mary,28801,Private room,85,2,299
Location! Location! Location!,Paul And Meg,28801,Private room,88,2,342
Cottage in the Heart of Asheville,Marian,28801,Private room,95,2,295
Rustic Industrial-Heart of Downtown,Celeste,28801,Entire home/apt,215,2,336
The boyfriend experience...,Zachary,28801,Entire home/apt,2000,1,365
1843 Rankin House Inn,Scott,28801,Entire home/apt,850,2,259
Walk to downtown-8 People -Montford,The Bohemian House (Chris),28801,Entire home/apt,350,2,296
Vacation in Historic Montford,Greg,28801,Entire home/apt,245,2,350
Downtown Asheville 2 bed/2bath unit,Heather,28801,Entire home/apt,350,2,353
Montford/ Downtown Bungalow,John,28801,Entire home/apt,115,1,36
Lovely Home Downtown-Easy Walk,Matt And Sarah,28801,Entire home/apt,159,1,5
Cute Downtown Asheville Apartment,Roberto,28801,Entire home/apt,100,1,323
WALK DOWNTOWN Asheville CuteCottage,Lisa,28801,Entire home/apt,198,2,343
Walk to Downtown! New Construction!,Thomas,28801,Entire home/apt,300,2,357
Charming Downtown,Rita,28801,Private room,62,1,278
Rankin House Inn - Squire Billy Rm,Scott,28801,Private room,139,2,203
Artsy apartment close to downtown,Anne Sophie,28801,Entire home/apt,85,3,17
Walk Downtown Historic Montford Apt,Haley & Ted,28801,Entire home/apt,110,2,159
"Historical 2 BDR, walk downtown",William,28801,Entire home/apt,140,2,291
Luxury Loft in Heart of Downtown,Mark,28801,Entire home/apt,250,2,180
Historic Montford Apartment,Joe,28801,Entire home/apt,110,1,21
Forsythia Hall Church Mouse Pad,Duncan & Emmy,28801,Entire home/apt,125,2,352
Extraordinary modern. Historic area,Zachary,28801,Private room,90,1,361
Extraordinary modern. Historic area,Zachary,28801,Private room,90,1,365
Bodacious Downtown Bungalow,Diane,28801,Entire home/apt,150,2,308
Downtown 1 Queen Bedroom (2),Asheville Hostel & Guest House,28801,Private room,54,2,139
Extraordinary modern. Historic area,Zachary,28801,Private room,150,1,364
Downtown 2 Twins Bedroom (2),Asheville Hostel & Guest House,28801,Private room,50,2,159
Walk Downtown! {POOL & Bikes) Rm #1,Brittany,28801,Private room,60,1,350
"Walk downtown, trees, birds,pets ok",Manley,28801,Entire home/apt,88,1,266
Downtown 1 Queen Bedroom (3),Asheville Hostel & Guest House,28801,Private room,50,2,170
Luxury Central Downtown Loft,Ricardo,28801,Entire home/apt,195,2,328
WALKING DISTANCE TO DOWNTOWN!,Tom,28801,Entire home/apt,145,2,309
Modern Condo in Downtown Asheville,Chris,28801,Entire home/apt,200,2,319
"2 br Townhouse, Walkable Downtown",Price,28801,Entire home/apt,113,2,47
Downtown Asheville Deal! 2bed/apt,Chelsea,28801,Entire home/apt,99,7,198
"""Studio C""  in Downtown!",April,28801,Entire home/apt,117,1,243
French Industrial Chic City Loft,Celeste,28801,Entire home/apt,315,2,346
Rankin House Inn -Walter Bearden Rm,Scott,28801,Private room,139,2,280
Rankin House Inn -Miss Elizabeth Rm,Scott,28801,Private room,139,1,283
COZY DOWNTOWN STUDIO,Alicia,28801,Entire home/apt,90,3,147
Rankin House Inn - Aunt Betsy Room,Scott,28801,Private room,149,1,297
Downtown Asheville with a View,John,28801,Private room,69,2,317
Walk to downtwn/UNCA! Be Inspired!,Krista,28801,Private room,100,1,186
Easy walk to downtown Asheville,Ron And Helen,28801,Entire home/apt,150,2,22
1920s Historic 1bd Near Downtown,Kris & Dani,28801,Entire home/apt,100,2,0
Sassy Blue Room in Southslope,Sharon,28801,Private room,65,2,156
Luxurious walk to town with views,Lisa,28801,Entire home/apt,200,5,263
Cozy private apartment in Montford,Lonnie,28801,Entire home/apt,120,1,315
Historic Grove Park,Elizabeth,28801,Private room,125,3,365
Downtown Asheville/ south slope,Melissa,28801,Private room,90,1,349
DOWNTOWN GARDEN SUITE TO YOURSELF,Tara,28801,Entire home/apt,115,2,328
Downtown Hipster Apartment #1,Reid,28801,Entire home/apt,110,3,49
Urban Cabin Retreat Master Bedroom,Lisa,28801,Private room,125,2,29
Handsome Chic Loft in City Centre,Celeste,28801,Entire home/apt,415,2,330
Spacious duplex close to town,Jennifer,28801,Entire home/apt,115,2,267
One-Bdroom Apt. 5 min Walk Downtown,Adrienne,28801,Entire home/apt,149,1,88
Cosy Guest Room in 5Points Bungalow,Betsy,28801,Private room,60,1,0
Be VERY Comfortable & well located,Lisa,28801,Private room,85,1,334
"380+ Reviews APT#2 
WALK DTWN QUIET",Cathy,28801,Entire home/apt,113,3,225
Private Room w/Bath -3 blks to town,Lizzy,28801,Private room,95,1,322
Downtown Artist Loft,Krista,28801,Entire home/apt,190,1,259
Multiple Neighboring Downtown Lofts,Celeste,28801,Entire home/apt,1550,1,348
Sweet garden apartment in Montford,Caroline,28801,Entire home/apt,110,2,52
Walk to Downtown or UNCA ,Starr,28801,Entire home/apt,225,2,323
375 reviewsApt #1 WALK DTWN QUIET!,Cathy,28801,Entire home/apt,124,3,119
Victorian Cottage Downtown Green Rm,Rita,28801,Private room,66,1,316
High Cottage,Carol,28801,Entire home/apt,175,7,355
"Stylishly quaint, close 2 downtown!",April,28801,Entire home/apt,86,1,309
Convenient Classic Downtown Loft,Amanda,28801,Entire home/apt,180,2,143
Garden Apt near downtown w/hot tub!,Ander,28801,Entire home/apt,99,2,355
Downtown Asheville 2BR/2BA Loft,Angie,28801,Entire home/apt,300,3,310
Two Block Walk from Apt to Downtown,Frank & Peter,28801,Entire home/apt,175,2,299
Cozy. Modern Downtown Escape/RAD,Holly,28801,Entire home/apt,179,2,290
Serenity & Beauty in Asheville,Aria,28801,Private room,97,2,143
Location! Location! Location!,MK And B,28801,Entire home/apt,189,2,358
Dwntwn Bungalow walk to everything!,B,28801,Entire home/apt,215,3,202
Historic Grove Park rental - Apt #2,Kathryn,28801,Entire home/apt,190,2,117
Victorian Cottage Downtown Blue Rm,Rita,28801,Private room,66,1,296
"380 Reviews 
Apt #3 WALK DTWN QUIET",Cathy,28801,Entire home/apt,113,3,224
House on the Hill near Downtown,Damon,28801,Private room,39,1,281
DOWNTOWN AVL LOFT--GREAT LOCATION!!,Jean,28801,Entire home/apt,195,3,249
STYLE COMFY Walk2town King&Queenbed,Julie,28801,Entire home/apt,155,1,43
The Hidden Attic - Great location!,Susan,28801,Entire home/apt,200,2,44
Cozy Apartment Downtown Walkable,Jody,28801,Private room,28,1,0
Cosmopolitan Loft in City Centre,Celeste,28801,Entire home/apt,305,2,361
B&B room w pvt bath 1mi to Biltmore,Mary,28801,Private room,123,2,313
Private Suite. 10 min walk to Town,David,28801,Entire home/apt,105,2,347
The Golden Nook,Michelle,28801,Entire home/apt,120,2,336
"Downtown Asheville, Antique Style",John,28801,Private room,77,1,143
HIP DOWNTOWN HIDEAWAY,Alicia,28801,Entire home/apt,125,3,340
Downtown Hipster Apartment # 2,Reid,28801,Entire home/apt,89,3,159
Sparrow Cottage,Tena,28801,Entire home/apt,125,2,312
Urban Micro Studio Downtown,Anne,28801,Entire home/apt,49,1,135
Room: Walking distance to downtown,John,28801,Private room,60,1,52
Humble Appt Close to Downtown,Nikolas,28801,Private room,85,1,0
Bunny's Nest: near downtown & UNCA!,April,28801,Entire home/apt,79,1,306
Downtown Apartment / Orange Peel,Heather,28801,Private room,80,2,103
Artsy apartment walk to downtown,Jimmy,28801,Entire home/apt,89,2,137
Romantic & Bohemian Private Studio,Christal,28801,Entire home/apt,115,1,282
Walk to Town - Lovely Spacious Apt,Kimberly,28801,Entire home/apt,120,1,307
Private Suite Minutes from Downtown,Jessy,28801,Private room,59,1,26
Rankin House Inn- James Eugene Room,Scott,28801,Private room,129,2,298
"Romantic, Fireplace KBED Walk2town",Julie,28801,Entire home/apt,150,1,139
Bird House 1 block from Downtown!,Dana,28801,Entire home/apt,175,2,334
Chestnut Hills Vacalodge!,Angie,28801,Entire home/apt,105,1,318
Historic Grove Park  - Apartment #1,Kathryn,28801,Entire home/apt,190,2,32
Boho Style apt~Walk to Dtwn or AYC!,Jessica,28801,Shared room,48,2,22
New 1BD Short Walk to Downtown!,Jen And Jon,28801,Entire home/apt,150,2,307
Hand-built sweet cabin in the city,Lisa,28801,Entire home/apt,150,3,309
Historic River Arts District Home,Haley,28801,Entire home/apt,195,2,142
Downtown Bungalow-Optional Nursery,Stephanie,28801,Entire home/apt,150,3,294
A Retreat in Downtown Asheville...,Jeff,28801,Entire home/apt,205,1,336
"Private, Downtown & River Arts",Michelle,28801,Private room,49,1,292
City Centre Loft with Indoor Swing,Celeste,28801,Entire home/apt,315,2,348
"Charming, convenient Asheville home",Muriel,28801,Entire home/apt,200,1,282
CityChicKingBed Fireplace Walk2Town,Julie,28801,Entire home/apt,130,1,9
World Eclectic-Heart of the City,Celeste,28801,Entire home/apt,295,2,343
Asheville Repose - downtown AVL,Amy,28801,Private room,70,1,322
The Henhouse,Louisa,28801,Entire home/apt,125,2,342
Private Bedroom on South Slope,Vista,28801,Private room,75,2,104
New Home in Quiet Historic Montford,Jo,28801,Entire home/apt,198,2,179
"Downtown, Fully Furnished Studio",Jeanette,28801,Entire home/apt,150,7,111
Star House,Caroline,28801,Private room,109,1,358
Pine Grove,Carolina,28801,Private room,77,1,339
Downtown Asheville in Classic Style,John,28801,Private room,59,2,321
dwntwn/hrdwd/clay plaster/spacious,Molly,28801,Entire home/apt,250,2,345
Corner Cottage,Marta,28801,Entire home/apt,199,3,217
VIEWS! Luxury Near Dwntwn & Bltmore,Michael,28801,Entire home/apt,170,2,325
Strawbridge House,Barry,28801,Entire home/apt,180,2,282
Delightful Bungalow By Downtown,Ami & Jason,28801,Entire home/apt,125,2,212
Montfort Hills Apartment,Kim,28801,Entire home/apt,145,2,333
Amazing views in unique house,Anna,28801,Private room,77,1,355
Elizabeth Bearden 2 Bedroom Suite,Scott,28801,Private room,199,2,347
Hazel's Hideaway - Walk Downtown,Heidi + Chris,28801,Entire home/apt,100,2,327
Downtown Asheville Cozy Single Room,John,28801,Private room,45,2,64
McCanless Manor  Historic Montford,E-Mail,28801,Private room,100,3,89
"1 BdRm Apartment, walk to Asheville",Allen,28801,Entire home/apt,109,2,20
Perfect location to walk downtown,V,28801,Private room,85,1,73
Cheerful Home In Historic Downtown,Michele,28801,Entire home/apt,90,1,246
"Downtown House, 420 Friendly",Kitty,28801,Private room,60,15,180
Asheville Oak Cottage,Terri,28801,Entire home/apt,125,2,310
Montford Bungalow,James,28801,Entire home/apt,350,2,354
"Open, sunny downtown condo",Mellissa,28801,Entire home/apt,185,2,319
"Quiet, Beautiful, Walk to Town",Anne Marie,28801,Entire home/apt,180,2,107
Downtown/River Arts District Studio,MK And B,28801,Entire home/apt,169,1,359
Charming Apt-Walk downtwn,Heidi,28801,Entire home/apt,135,2,94
Charming and Convenient 1 BR Apt.,"Roxanne, Manager",28801,Entire home/apt,99,2,154
COZY RIVER ARTS COTTAGE,Alicia,28801,Entire home/apt,100,3,0
Montford Home 1.5 miles to Downtown,Tammy,28801,Entire home/apt,220,3,296
Urban Chic Loft Downtown Asheville,Angela,28801,Entire home/apt,192,2,321
Downtown spacious upscale apartment,Heather,28801,Entire home/apt,110,3,11
"Air Mattress, or Full Size Bed",Roberto,28801,Private room,23,1,324
Blue Bedroom on South Slope,Vista,28801,Private room,85,2,120
Walk Downtown private bath peaceful,David,28801,Private room,95,2,349
The Ballpark House,Diane,28801,Entire home/apt,115,2,259
Birch House Asheville,David,28801,Private room,95,2,10
Artsy Urban Nest-Walk 2Downtown/RAD,Holly,28801,Entire home/apt,179,2,279
Historic Home in Downtown Asheville,Ana,28801,Entire home/apt,250,2,352
New Cozy Garage Apt/ Great Location,Irma,28801,Entire home/apt,125,2,353
Galoob d'Ja Moon Ultimate Hoon Room,A Model Community,28801,Private room,65,2,172
Pineapple Paradise!,A Model Community,28801,Private room,65,2,183
Quaint Cottage. Walk to Everything!,Cicily,28801,Entire home/apt,160,2,331
Beautiful Custom Log Cabin,Chai,28715,Private room,65,1,358
Cozy Mountain Cabin Near Asheville,John,28715,Entire home/apt,108,2,279
Creekside apartment by mount Pisgah,Michael,28715,Entire home/apt,75,2,361
Whistlepig Farm,Anne & Tom,28715,Entire home/apt,175,2,216
New TINY HOUSE with country setting,Fred,28715,Entire home/apt,125,2,346
Private campground on organic farm,Chris,28715,Shared room,16,1,349
Cozy efficiency Apartment,William And Viche',28715,Entire home/apt,60,1,306
Comfy Barn Room on Organic Veg Farm,Chris,28715,Private room,26,1,333
Stone Cottage Garden Homestay TWO,Kathleen,28715,Private room,60,1,292
AVL! Last min bookings are welcome!,Iryna,28715,Private room,49,1,363
Cozy private 2 bd 1 ba apartment,Cheyenne,28715,Private room,50,1,365
"Private, Cozy and Pet Friendly!",Robin,28715,Private room,50,2,135
EcoBunkie in the Mountains - Green,Sacred Mountain,28715,Entire home/apt,44,2,241
EcoBunkie in the Mountains - Red,Sacred Mountain,28715,Entire home/apt,44,2,226
Comfy & Cozy 6 Bed W Asheville Home,Stephen,28715,Entire home/apt,139,2,35
Catwalk Cottage,Rob,28715,Entire home/apt,175,1,343
"ENTIRE HOME Sleeps 7 ""BLUE CABIN 3""",Chai,28715,Entire home/apt,175,2,365
Raven's Nest Candler NC,Daniel,28715,Private room,50,1,365
Stone Cottage Garden Homestay ONE,Kathleen,28715,Private room,55,1,352
Sweet Mountain Home near Asheville,Sam,28715,Private room,55,1,360
Incredible Mt Pisgah View Retreat,Michele,28715,Private room,89,1,362
Organic Farm's Creekside Treehouse,Chris,28715,Private room,29,1,333
private Tiny House in the mountains,Rhodes,28715,Entire home/apt,78,1,341
King Size Bed in a private bedroom,Chai,28715,Private room,55,2,365
"Clean, Comfortable, & Convenient",Peter And Jackie,28715,Entire home/apt,109,2,285
Comfort and Views for Miles,William And Viche',28715,Entire home/apt,99,2,341
Pisgah Creek side apartment,James,28715,Entire home/apt,135,2,345
13 MIN to Downtown - Out on a Limb ,Karen,28715,Private room,89,1,363
Piercy's Place,Stephen,28715,Entire home/apt,140,2,332
"Cabin Min's to Downtn Ashv, Pets OK",Susan,28715,Entire home/apt,200,2,117
A house away from home!,Walker,28704,Entire home/apt,82,1,157
Beautiful  Apt near Asheville,Rita,28704,Entire home/apt,83,3,56
Spacious 2 br with parking,Susan,28704,Private room,65,1,34
Spacious 1 br rental incl parking,Susan,28704,Private room,50,1,355
"King latex bed, no bedbugs!",Rebecca,28704,Private room,100,1,365
South Asheville Peaceful Get-A-Way,Wanda,28704,Private room,75,1,5
Privacy and Comfort near airport,Sue,28704,Private room,100,1,178
Tiny Homestead,Rock,28704,Entire home/apt,50,1,315
"Bright, urban chic apt min from Avl",Elisa,28704,Entire home/apt,115,2,150
Beautiful apartment in Asheville,Jason,28704,Entire home/apt,120,7,363
A Cottage At Willow Pond,Terri,28704,Entire home/apt,219,1,323
Tranquil Home by Downtown Asheville,Kwadwo,28704,Private room,38,1,306
Master bed  by Downtown Asheville,Kwadwo,28704,Private room,40,1,343
Cozy Cabin Near Blue Ridge Parkway,Karl,28704,Entire home/apt,100,2,348
700 sq. ft. Suite Near Downtown,Kwadwo,28704,Entire home/apt,55,1,340
Log Cabin in the mountains/city,Lynda,28704,Entire home/apt,95,2,261
Beautiful Room/Bath Near Asheville,Rita,28704,Private room,50,1,333
Large bedroom & bath-private access,Karen,28704,Private room,80,1,334
"Lake view, Children-Friendly Cabins",Rumi,28704,Private room,245,3,365
"One bedroom, private apartment",Bob,28704,Entire home/apt,115,2,348
Custom Home on 1.5 wooded acres,Melissa,28704,Entire home/apt,350,3,26
Cozy Mstr Guest Suite,Thomas,28704,Private room,80,1,365
Book a stranger check out a friend,Melissa,28704,Private room,45,1,356
Minutes to Asheville/Biltmore Park,Suzy,28704,Private room,69,2,147
Ladyhawk Lodge,Jacqueline,28704,Private room,53,1,365
Mountaintop Log Cabin w/Pano View,Birgit,28704,Entire home/apt,250,3,65
Log Cabin Tiny House,Rock,28704,Entire home/apt,50,1,140
Artistic Suite near Asheville!,Rita,28704,Private room,60,1,332
Come surf on our couch!,Melissa,28704,Shared room,24,1,353
Private Cozy Bedrm in S AVL Home,Amanda,28704,Private room,35,2,0
"Modern, Green Country Farmhouse",Johanna,28732,Entire home/apt,134,2,302
Three Room Retreat,Rich,28732,Entire home/apt,100,2,57
"Cozy home, close to airport",Kelly,28732,Private room,60,1,358
#2- A Single Bdrm in a cozy Ranch ,Denise,28732,Private room,35,1,326
Large Private Guest Room & Bath,R. David,28732,Private room,65,1,361
Cozy Family Home ,Deserae,28732,Entire home/apt,225,2,253
#1- A Single Bdrm in a cozy Ranch,Denise,28732,Private room,35,1,325
Picturesque cane creek valley house,Suzana,28732,Entire home/apt,350,2,365
Quaint room with great energy,Austin,28732,Private room,95,1,361
#3- TWO bedrooms in a cozy Ranch,Denise,28732,Private room,49,1,319
Exquisite S. Asheville Private Home,Eva,28732,Entire home/apt,400,5,363
2 story living room + mountain view,Joseph,28732,Entire home/apt,295,1,343
Treehouse  / A-Frame,Steven,28732,Entire home/apt,140,2,217
Lake front basement apartment w/kit,Gathai,28732,Entire home/apt,75,1,55
Rustic Elegance at Mountain Majesty,Sandi,28732,Entire home/apt,375,2,346
Cozy 3 private bedrms and 2baths,Diane,28732,Private room,75,3,365
Enchanted Country Cottage,Barbara,28732,Private room,55,2,0
Bedroom with queensize bed and bath,Robin,28732,Private room,40,1,83
Guest room on working farm,Gail,28732,Private room,75,2,362
Private Entrance & Incredible View,Danielle,28732,Private room,105,1,365
"Chalet at Winghaven, Sunny Log Home",Jofre & Saskia,28732,Entire home/apt,220,2,236
Graceful Heart Cottage,Grace,28732,Entire home/apt,86,1,305
Lovely Asheville Horse Property,Suzanne,28732,Entire home/apt,125,2,365
Cloud 9 Relaxation-Mountain Views,Janet,28732,Entire home/apt,250,3,239
Finished basement with bedroom,Lee,28732,Private room,250,2,365
